nombre	precio	categoria	disponible	descripcion	imagen_url
Bouquet Durazno Romántico	$125.000	Bouquets	Sí	Bouquet romántico de rosas color durazno y nubes envuelto en papel transparente y atado con un moño rosa. Perfecto para regalar en una ocasión especial.	https://floristeriabarranquilla.dondeseria.com/assets/foto45.webp
Bouquet Rojo Festivo	$140.000	Bouquets	Sí	Bouquet contemporáneo en envoltura roja y dorada con rosas rojas, claveles blancos, hipéricos y hojas de eucalipto. Presentación elegante y festiva.	https://floristeriabarranquilla.dondeseria.com/assets/foto46.webp
Bouquet Rosa Tierno	$165.000	Bouquets	Sí	Bouquet delicado en papel rosa con rosas rosadas, claveles, alstroemerias y solidago amarillo. Presentado en jarrón de vidrio, ideal para fechas especiales.	https://floristeriabarranquilla.dondeseria.com/assets/foto47.webp
Bouquet Girasol y Rosas	$155.000	Bouquets de Girasoles	Sí	Bouquet en envoltura negra con detalles dorados, con rosas rosadas grandes, un girasol central y margaritas blancas. Mezcla moderna y contrastante.	https://floristeriabarranquilla.dondeseria.com/assets/foto48.webp
Bouquet Rosado	$148.000	Bouquets	Sí	Bouquet en papel rosa transparente con rosas rosadas y blancas, nubes y follaje verde. Presentación romántica y elegante. Importante: el pedestal / trípode NO viene incluido. Solo se entrega el arreglo floral.	https://floristeriabarranquilla.dondeseria.com/assets/foto49.webp
Bouquet Lavanda Eucalipto	$120.000	Bouquets	Sí	Bouquet con rosas moradas, eucalipto y nubes blancas, envuelto en papel rosa con moño dorado. Propuesta elegante con aroma y textura cuidada.	https://floristeriabarranquilla.dondeseria.com/assets/foto50.webp
Bouquet Rojo Moño Fucsia	$120.000	Bouquets	Sí	Bouquet de rosas rojas con nubes blancas, envuelto en papel negro y coronado con un gran moño fucsia. Regalo romántico clásico con un toque dramático.	https://floristeriabarranquilla.dondeseria.com/assets/foto51.webp
Bouquet Sorpresa Rosa y Blanco	$150.000	Bouquets	Sí	Bouquet romántico de rosas rosadas y blancas en envoltura rosa con detalles dorados. Presentación delicada y elegante, perfecta para sorprender en una ocasión especial.	https://floristeriabarranquilla.dondeseria.com/assets/foto52.webp
Bouquet Girasoles Solar	$212.500	Bouquets de Girasoles	Sí	Bouquet de girasoles abundante envuelto en papel amarillo claro con moños blancos y amarillos. Una explosión de luz, alegría y energía.	https://floristeriabarranquilla.dondeseria.com/assets/foto53.webp
Arreglo Girasoles Soleado	$210.000	Arreglos de Girasoles	Sí	Arreglo alto con girasoles en la parte superior, rosas amarillas y follaje verde. Composición vibrante, soleada y muy alegre. Importante: el pedestal / trípode NO viene incluido. Solo se entrega el arreglo floral.	https://floristeriabarranquilla.dondeseria.com/assets/foto54.webp
Bouquet Sol y Cálido	$170.000	Bouquets de Girasoles	Sí	Bouquet de girasoles y rosas amarillas con follaje, envuelto en papel amarillo y crema con cintas. Propuesta cálida, luminosa y juvenil.	https://floristeriabarranquilla.dondeseria.com/assets/foto55.webp
Corazón Te Amo Premium	$750.000	Corazones de Rosas	Sí	Imponente corazón de rosas rojas y blancas con la frase 'TE AMO' formada con margaritas, decorado con mariposas doradas y enmarcado en helechos verdes. Pieza premium romántica.	https://floristeriabarranquilla.dondeseria.com/assets/foto56.webp
Bouquet Lila Mariposas	$170.000	Bouquets	Sí	Bouquet en envoltura lila y dorada con rosas rosadas y blancas, asters morados, margaritas y mariposas decorativas blancas. Romántico y festivo.	https://floristeriabarranquilla.dondeseria.com/assets/foto57.webp
Bouquet Fucsia Tronco	$325.000	Bouquets	Sí	Bouquet de rosas fucsia abundante envuelto en papel negro transparente y presentado sobre tronco rústico. Propuesta moderna e impactante.	https://floristeriabarranquilla.dondeseria.com/assets/foto58.webp
Bouquet Rojo Lunares Oro	$342.500	Bouquets	Sí	Bouquet majestuoso con gran cantidad de rosas rojas, decorado con nubes y envuelto en papel blanco con puntos dorados. Símbolo de amor profundo.	https://floristeriabarranquilla.dondeseria.com/assets/foto59.webp
Bouquet Rojo Cisne Vinotinto	$255.000	Bouquets	Sí	Bouquet romántico con rosas rojas y nubes blancas, envuelto en papel vinotinto con detalles plateados y un cisne decorativo. Presentación impactante.	https://floristeriabarranquilla.dondeseria.com/assets/foto60.webp
Bouquet Sol Eterno	$193.750	Bouquets de Girasoles	Sí	Bouquet con un gran girasol central rodeado de rosas rojas, statice amarillo y nubes blancas, envuelto en papel blanco con cintas negras decorativas y moño en color vino. Una explosión de pasión y energía solar.	https://floristeriabarranquilla.dondeseria.com/assets/foto61.webp
Bouquet Trío Solar	$181.250	Bouquets de Girasoles	Sí	Bouquet de tres girasoles imponentes acompañados de rosas rojas, statice amarillo y nubes blancas, envuelto en papel blanco con bordes dorados. Incluye tarjeta floral elegante para mensaje personalizado.	https://floristeriabarranquilla.dondeseria.com/assets/foto62.webp
Bouquet Jardín Encantado	$193.750	Bouquets de Girasoles	Sí	Bouquet con un gran girasol central rodeado de rosas rojas, alstroemerias blancas, statice morado y abundante nube blanca, envuelto en papel blanco translúcido. Mezcla romántica y vibrante.	https://floristeriabarranquilla.dondeseria.com/assets/foto63.webp
Bouquet Realeza Solar	$212.500	Bouquets de Girasoles	Sí	Gran bouquet con girasol central rodeado de rosas rojas, rosas blancas, nubes y helechos verdes, envuelto en elegante papel negro con bordes dorados. Diseño sofisticado y de alto impacto visual.	https://floristeriabarranquilla.dondeseria.com/assets/foto64.webp
Bouquet Rosas Rojas Premium	$137.500	Bouquets	Sí	Bouquet premium en oferta especial: rosas rojas frescas con solidago amarillo y verdes, envuelto en elegante papel negro con moño fucsia destacado. Antes $170.000, ahora $137.500. ¡Aprovecha este precio promocional!	https://floristeriabarranquilla.dondeseria.com/assets/bouqet_catalogo_publicidad.webp
Corona Serenidad Blanca	$206.250	Coronas Fúnebres	Sí	Corona fúnebre con marco de hojas verdes brillantes y base de crisantemos blancos pompón. Lleva un ramo superior de margaritas blancas y nubes con follaje, acompañado de tarjeta de condolencias.	https://floristeriabarranquilla.dondeseria.com/assets/foto1.webp
Corona Yomaira Personalizada	$206.250	Coronas Fúnebres	Sí	Corona redonda enmarcada en cordilínea variegada y base densa de margaritas blancas. Decorada con cinta personalizada en letras doradas y un ramo central de margaritas y crisantemos.	https://floristeriabarranquilla.dondeseria.com/assets/foto2.webp
Corona Tradicional Pino	$218.750	Coronas Fúnebres	Sí	Corona fúnebre clásica con borde de pino verde y centro denso de pompones blancos. Coronada por un moño blanco y banda dorada institucional, ideal para homenajes solemnes.	https://floristeriabarranquilla.dondeseria.com/assets/foto3.webp
Corona Marfil Romántica	$237.500	Coronas Fúnebres	Sí	Corona circular elegante con anillo de rosas color crema, lirios blancos, margaritas y nubes (gypsophila). Enmarcada en hojas verdes brillantes que aportan un aire sereno y refinado.	https://floristeriabarranquilla.dondeseria.com/assets/foto4.webp
Corona Hortensias	$318.750	Coronas Fúnebres	Sí	Corona con base de crisantemos blancos arañita y centro elaborado con hortensias blancas, claveles, nubes y follaje verde abundante. Pieza grande y formal.	https://floristeriabarranquilla.dondeseria.com/assets/foto5.webp
Corona Que Tu Alma Brille	$231.250	Coronas Fúnebres	Sí	Corona robusta con base de crisantemos blancos y centro repleto de hortensias blancas, claveles y nubes. Lleva cinta dorada con frase de despedida y abundante follaje verde.	https://floristeriabarranquilla.dondeseria.com/assets/foto6.webp
Corona Durazno y Lila	$225.000	Coronas Fúnebres	Sí	Arreglo circular con rosas color durazno, margaritas blancas, asters lilas y nubes. El borde de helechos verdes le aporta un aspecto natural, suave y muy fotogénico.	https://floristeriabarranquilla.dondeseria.com/assets/foto7.webp
Corona Pasión Bicolor	$362.500	Coronas Fúnebres	Sí	Corona dividida en dos: la mitad de crisantemos blancos pompón y la otra mitad un ramo de rosas rojas, lirios rosados y blancos, nubes y follaje. Pieza imponente y emotiva.	https://floristeriabarranquilla.dondeseria.com/assets/foto8.webp
Corona Tu Alma Siempre	$243.750	Coronas Fúnebres	Sí	Corona con anillo de crisantemos blancos y bouquet de rosas blancas, crisantemos arañita y nubes. Banda blanca con mensaje personalizado y moño elegante.	https://floristeriabarranquilla.dondeseria.com/assets/foto9.webp
Corona Promoción Institucional	$312.500	Coronas Fúnebres	Sí	Corona con anillo blanco de margaritas y bouquet superior de rosas blancas, nubes y follaje. Banda institucional ideal para grupos, promociones o empresas.	https://floristeriabarranquilla.dondeseria.com/assets/foto10.webp
Corona Siempre Te Recordaremos	$318.750	Coronas Fúnebres	Sí	Corona fúnebre con base circular de crisantemos blancos y centro de rosas rojas con nubes y follaje. Banda blanca dorada con frase de recuerdo, equilibrio entre luto y amor.	https://floristeriabarranquilla.dondeseria.com/assets/foto11.webp
Corona Juanky Azul y Amarillo	$231.250	Coronas Fúnebres	Sí	Corona con base de crisantemos blancos rodeados de hojas tropicales, centro de rosas azules y amarillas. Banda personalizada con un toque vibrante y juvenil.	https://floristeriabarranquilla.dondeseria.com/assets/foto12.webp
Corona Isabel Banda Morada	$212.500	Coronas Fúnebres	Sí	Corona con base de margaritas blancas, follaje verde y rosas rojas. Cinta morada con letras doradas que personaliza el arreglo, elegante y de fuerte presencia.	https://floristeriabarranquilla.dondeseria.com/assets/foto13.webp
Corona Rosa Fucsia	$218.750	Coronas Fúnebres	Sí	Arreglo circular con base de crisantemos rosa fucsia y bouquet de claveles rosa intenso, solidago amarillo y verdes. Enmarcado en hojas tropicales que resaltan su color.	https://floristeriabarranquilla.dondeseria.com/assets/foto14.webp
Corona Lágrima Blanca	$206.250	Coronas Fúnebres	Sí	Arreglo en forma de pera con cuerpo de margaritas blancas, ramo superior de rosas blancas, nubes y follaje. Banda blanca dorada con mensaje conmemorativo.	https://floristeriabarranquilla.dondeseria.com/assets/foto15.webp
Corona Cuadrada Moderna	$193.750	Coronas Fúnebres	Sí	Arreglo cuadrado moderno sobre base blanca de mármol con crisantemos blancos. Centro de hojas verdes en abanico con margaritas y calas blancas, diseño contemporáneo.	https://floristeriabarranquilla.dondeseria.com/assets/foto16.webp
Corona Cuadrada Marfil	$212.500	Coronas Fúnebres	Sí	Arreglo cuadrado con base de crisantemos blancos, anillo de hojas verdes y ramo lateral de rosas blancas con nubes. Larga cinta blanca de seda lo decora.	https://floristeriabarranquilla.dondeseria.com/assets/foto17.webp
Corona Te Amaré Por Siempre	$225.000	Coronas Fúnebres	Sí	Corona con base de hojas tropicales y crisantemos blancos, centro elevado de rosas rojas y nubes. Banda dorada con mensaje emotivo, perfecta despedida romántica.	https://floristeriabarranquilla.dondeseria.com/assets/foto18.webp
Corona Descansa en Paz	$225.000	Coronas Fúnebres	Sí	Arreglo con base de crisantemos blancos pompón, helechos y centro de hortensias blancas con follaje. Cinta blanca con mensaje clásico de paz.	https://floristeriabarranquilla.dondeseria.com/assets/foto19.webp
Corona Hojas Tropicales	$225.000	Coronas Fúnebres	Sí	Arreglo circular con base de margaritas blancas, hojas tropicales rayadas y bouquet central de rosas rojas con flores blancas. Composición elegante para honrar a un ser querido.	https://floristeriabarranquilla.dondeseria.com/assets/foto20.webp
Corona Vivirás en Mi Corazón	$237.500	Coronas Fúnebres	Sí	Corona con base de crisantemos blancos pompón y bouquet de rosas blancas con nubes. Banda dorada con frase emotiva, ideal para una despedida íntima.	https://floristeriabarranquilla.dondeseria.com/assets/foto21.webp
Corona Familia Fuentes	$275.000	Coronas Fúnebres	Sí	Corona con base de crisantemos color crema, hojas verdes y ramo superior de rosas marfil con nubes. Banda blanca dorada con apellido familiar.	https://floristeriabarranquilla.dondeseria.com/assets/foto22.webp
Corona Alegría y Luz	$225.000	Coronas Fúnebres	Sí	Corona con base de crisantemos blancos, centro de rosas color crema, margaritas y rosas claras. Hojas verdes brillantes y banda con frase de gratitud.	https://floristeriabarranquilla.dondeseria.com/assets/foto23.webp
Corona Roja	$306.250	Coronas Fúnebres	Sí	Corona con base de crisantemos blancos pompón, palmas verdes y centro de rosas rojas con solidago amarillo. Elegante, vibrante y de gran presencia.	https://floristeriabarranquilla.dondeseria.com/assets/foto24.webp
Corona Marfil Majestuosa	$312.500	Coronas Fúnebres	Sí	Corona con base de crisantemos blancos y un alargado bouquet lateral de rosas blancas, lirios blancos, nubes y follaje. Estilo majestuoso y sereno.	https://floristeriabarranquilla.dondeseria.com/assets/foto25.webp
Corona Sol y Marfil	$250.000	Coronas Fúnebres	Sí	Corona con base de crisantemos amarillos y bouquet central de rosas blancas color crema con nubes y un lirio blanco. Combinación contrastante, vibrante y serena.	https://floristeriabarranquilla.dondeseria.com/assets/foto26.webp
Corona Regional Bucaramanga	$231.250	Coronas Fúnebres	Sí	Arreglo institucional con base de crisantemos blancos y un alto bouquet de rosas rojas, hipéricos rojos, margaritas y follaje. Banda con identificación corporativa.	https://floristeriabarranquilla.dondeseria.com/assets/foto27.webp
Torta Floral Rosa	$225.000	Tortas Fúnebres	Sí	Arreglo circular tipo torta con base de margaritas blancas y bouquet superior de rosas rosadas con hojas tropicales y nubes. Composición delicada y femenina.	https://floristeriabarranquilla.dondeseria.com/assets/foto28.webp
Corona Doble Fucsia y Marfil	$400.000	Coronas Fúnebres	Sí	Corona doble: un círculo grande de crisantemos fucsia y un bouquet abundante de rosas blancas, lirios blancos, eucalipto y helechos. Presencia majestuosa.	https://floristeriabarranquilla.dondeseria.com/assets/foto29.webp
Torta Roja Solidago	$212.500	Tortas Fúnebres	Sí	Arreglo redondo tipo torta con base de crisantemos blancos pompón y centro de rosas rojas, solidago amarillo y hojas verdes torneadas decorativas. Diseño clásico y elegante.	https://floristeriabarranquilla.dondeseria.com/assets/foto30.webp
Corona Margaritas y Rosas	$237.500	Coronas Fúnebres	Sí	Arreglo redondo con base de margaritas blancas de corazón amarillo, centro de rosas rojas, solidago y hojas torneadas. Composición clásica, vibrante y muy fresca.	https://floristeriabarranquilla.dondeseria.com/assets/foto31.webp
Corona Sol y Rojo	$193.750	Coronas Fúnebres	Sí	Arreglo grande oval con crisantemos amarillos en el contorno y centro de rosas rojas, follaje y margaritas blancas. Decorado con una larga cinta blanca.	https://floristeriabarranquilla.dondeseria.com/assets/foto32.webp
Mesa Rústica Blanca	$193.750	Arreglos para Velorios	Sí	Arreglo bajo sobre mesa rústica de madera con base de margaritas blancas, rosas blancas, nubes y follaje verde. Decorado con un gran moño blanco aireado.	https://floristeriabarranquilla.dondeseria.com/assets/foto33.webp
Arreglo Abanico Blanco	$175.000	Arreglos para Velorios	Sí	Arreglo alto en forma de abanico con margaritas blancas, claveles, rosas blancas, nubes y helechos. Coronado con un gran moño blanco. Importante: el pedestal / trípode NO viene incluido. Solo se entrega el arreglo floral.	https://floristeriabarranquilla.dondeseria.com/assets/foto34.webp
Cojín Lila Sencillo	$105.000	Arreglos para Velorios	Sí	Arreglo circular tipo cojín con palmas verdes en abanico y base de crisantemos morados y blancos con margaritas. Opción sencilla, fresca y económica.	https://floristeriabarranquilla.dondeseria.com/assets/foto35.webp
Tropical Monstera Fucsia	$220.000	Arreglos para Velorios	Sí	Arreglo grande tipo lágrima sobre hojas Monstera con margaritas blancas, claveles fucsia, crisantemos arañita y nubes. Diseño tropical exuberante y colorido.	https://floristeriabarranquilla.dondeseria.com/assets/foto36.webp
Arreglo Margaritas Soleadas	$155.000	Arreglos para Velorios	Sí	Arreglo alto con bouquet de margaritas blancas y amarillas, solidago y hojas verdes alargadas. Opción ligera, elegante y económica. Importante: el pedestal / trípode NO viene incluido. Solo se entrega el arreglo floral.	https://floristeriabarranquilla.dondeseria.com/assets/foto37.webp
Copa Hortensias Blancas	$400.000	Arreglos para Velorios	Sí	Arreglo en copa de madera con base profusa de hortensias blancas, claveles, rosas blancas y helechos. Composición voluminosa y monocromática muy elegante.	https://floristeriabarranquilla.dondeseria.com/assets/foto38.webp
Arreglo Crisantemos Etéreos	$150.000	Arreglos para Velorios	Sí	Arreglo alto con bouquet de crisantemos arañita blancos, margaritas y follaje verde. Composición etérea y delicada. Importante: el pedestal / trípode NO viene incluido. Solo se entrega el arreglo floral.	https://floristeriabarranquilla.dondeseria.com/assets/foto39.webp
Cajón Margaritas Cielo	$93.750	Arreglos para Velorios	Sí	Arreglo bajo sobre cajón de madera con margaritas blancas y azules y helechos verdes. Ideal como ornamento sencillo de cementerio o pequeño homenaje.	https://floristeriabarranquilla.dondeseria.com/assets/foto40.webp
Guirnalda Marfil 95 Mil	$118.750	Arreglos para Velorios	Sí	Arreglo alargado tipo guirnalda con rosas blancas color crema, hortensias blancas, nubes y follaje verde. Opción elegante y económica.	https://floristeriabarranquilla.dondeseria.com/assets/foto41.webp
Arreglo Turquesa Silvestre	$180.000	Arreglos para Velorios	Sí	Arreglo alto con gladiolos rosados, margaritas blancas y rosadas, nubes y helechos. Composición silvestre con tonos tiernos. Importante: el pedestal / trípode NO viene incluido. Solo se entrega el arreglo floral.	https://floristeriabarranquilla.dondeseria.com/assets/foto42.webp
Corona Familia Muñoz Gómez	$362.500	Coronas Fúnebres	Sí	Corona dividida: la mitad de rosas blancas marfil con nubes y la otra mitad de crisantemos arañita blancos. Cinta personalizada con apellido familiar.	https://floristeriabarranquilla.dondeseria.com/assets/foto43.webp
Corona Alianza Premium	$400.000	Coronas Fúnebres	Sí	Gran corona circular con marco de hojas verdes, anillo de rosas blancas, lirios blancos, nubes y crisantemos arañita. Cinta corporativa, opción premium.	https://floristeriabarranquilla.dondeseria.com/assets/foto44.webp
Corona Fúnebre Rosas Doradas	$180.000	Coronas Fúnebres	Sí	Corona fúnebre de crisantemos blancos con centro de rosas amarillas y solidago, enmarcada en abundante follaje verde. En promoción viene únicamente con cinta morada y letras doradas; el color del moño puede variar según disponibilidad. Antes $280.000, ahora $180.000.	https://floristeriabarranquilla.dondeseria.com/assets/ramo_funebre_publicidad_2.webp
Ramo de Rosas Rojas Elegante	$125.000	Bouquets	Sí	Ramo de rosas rojas frescas con detalles plateados y nubes, envuelto en papel blanco con bordes negros y dorados, moño rojo y tarjeta para mensaje. Un regalo romántico y elegante.	https://floristeriabarranquilla.dondeseria.com/assets/foto66.webp
Burbuja con Picada Gourmet	$140.000	Detalles y Regalos	Sí	Globo burbuja transparente con globo interior morado y globos plateados metalizados, montado sobre bandeja con surtido de picada y sándwiches. Un detalle sorpresa ideal para celebrar.	https://floristeriabarranquilla.dondeseria.com/assets/foto67.webp
Corona Girasoles y Margaritas	$280.000	Coronas Fúnebres	Sí	Corona fúnebre con girasoles imponentes al centro, anillo de margaritas rosadas y blancas, solidago amarillo y marco de follaje verde tropical. Incluye cinta blanca con bordes dorados para mensaje personalizado. Los colores de las margaritas pueden variar según disponibilidad. Importante: el trípode NO viene incluido. Solo se entrega la corona floral.	https://floristeriabarranquilla.dondeseria.com/assets/foto68.webp
Arreglo Fúnebre Crisantemos y Rosas	$170.000	Arreglos para Velorios	Sí	Arreglo fúnebre con abundantes crisantemos blancos, rosas rojas y aster morado, enmarcado en hojas de palma y follaje verde. Incluye cinta blanca con bordes dorados y tarjeta para mensaje de condolencia.	https://floristeriabarranquilla.dondeseria.com/assets/foto69.webp
Caja Cumpleaños con Globo Burbuja	$197.000	Detalles y Regalos	Sí	Caja redonda blanca con rosas rosadas y naranjas, gerbera roja, hortensia verde, claveles y margaritas blancas, coronada por un globo burbuja "Feliz Cumpleaños" con globos internos en rosa y blanco. Incluye tarjeta para mensaje personalizado.	https://floristeriabarranquilla.dondeseria.com/assets/foto70.webp
Osito Amoroso con Flores y Globo	$312.500	Detalles y Regalos	Sí	Caja redonda blanca con claveles rosados, alstroemerias y follaje verde, acompañada de un tierno osito de peluche rosado y un globo metálico en forma de estrella. Incluye tarjeta para mensaje personalizado. Un detalle inolvidable para aniversarios, cumpleaños o para consentir a alguien especial.	https://floristeriabarranquilla.dondeseria.com/assets/foto71.webp
Bouquet Love Rosas Coral	$175.000	Bouquets	Sí	Bouquet de rosas coral tipo jardín con statice morado, envuelto en papel lila con moño rosado y decorado con un letrero luminoso 'love'. Incluye tarjeta con mensaje personalizado. Romántico, moderno y muy fotogénico.	https://floristeriabarranquilla.dondeseria.com/assets/foto72.webp
Caja Rosada con Globo Burbuja	$195.000	Detalles y Regalos	Sí	Caja redonda blanca con rosas rosadas, claveles, lisianthus, gerbera naranja y nubes blancas, coronada por un globo burbuja transparente con globos internos en rosa y blanco y corazones decorativos. Incluye tarjeta para mensaje personalizado.	https://floristeriabarranquilla.dondeseria.com/assets/foto73.webp
Ramo Buchón de Moda	$260.000	Bouquets	Sí	Ramo buchón de moda con rosas premium, crisantemos y nubes, envuelto en papel kraft con moño de organza. Se puede elaborar con rosas de cualquier color: rojas, rosadas, blancas, amarillas o coral. Incluye tarjeta para mensaje personalizado. La tendencia más pedida de la temporada.	https://floristeriabarranquilla.dondeseria.com/assets/foto74.webp
